Model,Question_ID,Score,Points,Total Points
Claude Opus,2016A,80.0,4.0,5.0
Claude Sonnet 4.5,2016A,60.0,3.0,5.0
GPT-4o,2016A,70.0,3.5,5.0
GPT-5,2016A,100.0,5.0,5.0
Gemini 2.5 Flash,2016A,60.0,3.0,5.0
Gemini 2.5 Pro,2016A,80.0,4.0,5.0
Grok,2016A,80.0,4.0,5.0
O1,2016A,70.0,3.5,5.0
Claude Opus,2016B,11.1111,1.1111,10.0
Claude Sonnet 4.5,2016B,27.7778,2.7778,10.0
GPT-4o,2016B,0.0,0.0,10.0
GPT-5,2016B,44.4444,4.4444,10.0
Gemini 2.5 Flash,2016B,22.2222,2.2222,10.0
Gemini 2.5 Pro,2016B,0.0,0.0,10.0
Grok,2016B,5.5556,0.5556,10.0
O1,2016B,11.1111,1.1111,10.0
Claude Opus,2016C,75.0,3.75,5.0
Claude Sonnet 4.5,2016C,75.0,3.75,5.0
GPT-4o,2016C,0.0,0.0,5.0
GPT-5,2016C,87.5,4.375,5.0
Gemini 2.5 Flash,2016C,75.0,3.75,5.0
Gemini 2.5 Pro,2016C,75.0,3.75,5.0
Grok,2016C,37.5,1.875,5.0
O1,2016C,81.25,4.0625,5.0
Claude Opus,2016D,0.0,0.0,15.0
Claude Sonnet 4.5,2016D,0.0,0.0,15.0
GPT-4o,2016D,0.0,0.0,15.0
GPT-5,2016D,12.5,1.875,15.0
Gemini 2.5 Flash,2016D,0.0,0.0,15.0
Gemini 2.5 Pro,2016D,0.0,0.0,15.0
Grok,2016D,0.0,0.0,15.0
O1,2016D,25.0,3.75,15.0
Claude Opus,2016E,4.7619,0.4762,10.0
Claude Sonnet 4.5,2016E,28.5714,2.8571,10.0
GPT-4o,2016E,4.7619,0.4762,10.0
GPT-5,2016E,0.0,0.0,10.0
Gemini 2.5 Flash,2016E,14.2857,1.4286,10.0
Gemini 2.5 Pro,2016E,33.3333,3.3333,10.0
Grok,2016E,9.5238,0.9524,10.0
O1,2016E,4.7619,0.4762,10.0
Claude Opus,2016F,100.0,15.0,15.0
Claude Sonnet 4.5,2016F,100.0,15.0,15.0
GPT-4o,2016F,0.0,0.0,15.0
GPT-5,2016F,100.0,15.0,15.0
Gemini 2.5 Flash,2016F,100.0,15.0,15.0
Gemini 2.5 Pro,2016F,100.0,15.0,15.0
Grok,2016F,50.0,7.5,15.0
O1,2016F,100.0,15.0,15.0
Claude Sonnet 4.5,2016G,3.7037,0.7407,20.0
GPT-4o,2016G,0.0,0.0,20.0
GPT-5,2016G,3.7037,0.7407,20.0
Gemini 2.5 Flash,2016G,7.4074,1.4815,20.0
Gemini 2.5 Pro,2016G,7.4074,1.4815,20.0
Grok,2016G,0.0,0.0,20.0
O1,2016G,7.4074,1.4815,20.0
Claude Opus,2016H,75.0,7.5,10.0
Claude Sonnet 4.5,2016H,58.3333,5.8333,10.0
GPT-4o,2016H,41.6667,4.1667,10.0
GPT-5,2016H,75.0,7.5,10.0
Gemini 2.5 Flash,2016H,66.6667,6.6667,10.0
Gemini 2.5 Pro,2016H,75.0,7.5,10.0
Grok,2016H,50.0,5.0,10.0
O1,2016H,58.3333,5.8333,10.0
Claude Opus,2016I,63.6364,6.3636,10.0
Claude Sonnet 4.5,2016I,45.4545,4.5455,10.0
GPT-4o,2016I,0.0,0.0,10.0
GPT-5,2016I,95.4545,9.5454,10.0
Gemini 2.5 Flash,2016I,72.7273,7.2727,10.0
Gemini 2.5 Pro,2016I,100.0,10.0,10.0
Grok,2016I,18.1818,1.8182,10.0
O1,2016I,59.0909,5.9091,10.0
Claude Opus,2016J,12.0,1.8,15.0
Claude Sonnet 4.5,2016J,20.0,3.0,15.0
GPT-4o,2016J,0.0,0.0,15.0
GPT-5,2016J,24.0,3.6,15.0
Gemini 2.5 Flash,2016J,64.0,9.6,15.0
Gemini 2.5 Pro,2016J,44.0,6.6,15.0
Grok,2016J,4.0,0.6,15.0
O1,2016J,40.0,6.0,15.0
Claude Opus,2016K,27.2727,4.0909,15.0
Claude Sonnet 4.5,2016K,18.1818,2.7273,15.0
GPT-4o,2016K,0.0,0.0,15.0
GPT-5,2016K,63.6364,9.5455,15.0
Gemini 2.5 Flash,2016K,18.1818,2.7273,15.0
Gemini 2.5 Pro,2016K,27.2727,4.0909,15.0
Grok,2016K,0.0,0.0,15.0
O1,2016K,9.0909,1.3636,15.0
Claude Opus,2016L,16.6667,1.6667,10.0
Claude Sonnet 4.5,2016L,0.0,0.0,10.0
GPT-4o,2016L,0.0,0.0,10.0
GPT-5,2016L,100.0,10.0,10.0
Gemini 2.5 Flash,2016L,83.3333,8.3333,10.0
Gemini 2.5 Pro,2016L,83.3333,8.3333,10.0
Grok,2016L,58.3333,5.8333,10.0
O1,2016L,16.6667,1.6667,10.0
Claude Opus,2016M,12.5,0.625,5.0
Claude Sonnet 4.5,2016M,12.5,0.625,5.0
GPT-4o,2016M,12.5,0.625,5.0
GPT-5,2016M,12.5,0.625,5.0
Gemini 2.5 Flash,2016M,18.75,0.9375,5.0
Gemini 2.5 Pro,2016M,62.5,3.125,5.0
Grok,2016M,12.5,0.625,5.0
O1,2016M,12.5,0.625,5.0
Claude Opus,2016N,100.0,5.0,5.0
Claude Sonnet 4.5,2016N,100.0,5.0,5.0
GPT-4o,2016N,76.9231,3.8462,5.0
GPT-5,2016N,100.0,5.0,5.0
Gemini 2.5 Flash,2016N,100.0,5.0,5.0
Gemini 2.5 Pro,2016N,100.0,5.0,5.0
Grok,2016N,23.0769,1.1538,5.0
O1,2016N,100.0,5.0,5.0
Claude Opus,2016O,0.0,0.0,10.0
Claude Sonnet 4.5,2016O,0.0,0.0,10.0
GPT-4o,2016O,0.0,0.0,10.0
GPT-5,2016O,31.25,3.125,10.0
Gemini 2.5 Flash,2016O,12.5,1.25,10.0
Gemini 2.5 Pro,2016O,43.75,4.375,10.0
Grok,2016O,0.0,0.0,10.0
O1,2016O,0.0,0.0,10.0
Claude Opus,2016P,25.0,2.5,10.0
Claude Sonnet 4.5,2016P,25.0,2.5,10.0
GPT-4o,2016P,0.0,0.0,10.0
GPT-5,2016P,0.0,0.0,10.0
Gemini 2.5 Flash,2016P,25.0,2.5,10.0
Gemini 2.5 Pro,2016P,25.0,2.5,10.0
Grok,2016P,0.0,0.0,10.0
O1,2016P,0.0,0.0,10.0
Claude Opus,2016Q,40.0,6.0,15.0
Claude Sonnet 4.5,2016Q,40.0,6.0,15.0
GPT-4o,2016Q,0.0,0.0,15.0
GPT-5,2016Q,0.0,0.0,15.0
Gemini 2.5 Flash,2016Q,0.0,0.0,15.0
Gemini 2.5 Pro,2016Q,20.0,3.0,15.0
Grok,2016Q,60.0,9.0,15.0
O1,2016Q,20.0,3.0,15.0
Claude Opus,2016R,80.0,4.0,5.0
Claude Sonnet 4.5,2016R,80.0,4.0,5.0
GPT-4o,2016R,6.6667,0.3333,5.0
GPT-5,2016R,100.0,5.0,5.0
Gemini 2.5 Flash,2016R,100.0,5.0,5.0
Gemini 2.5 Pro,2016R,100.0,5.0,5.0
Grok,2016R,53.3333,2.6667,5.0
O1,2016R,40.0,2.0,5.0
Claude Opus,2017A,87.5,4.375,5.0
Claude Sonnet 4.5,2017A,81.25,4.0625,5.0
GPT-4o,2017A,56.25,2.8125,5.0
GPT-5,2017A,100.0,5.0,5.0
Gemini 2.5 Flash,2017A,75.0,3.75,5.0
Gemini 2.5 Pro,2017A,100.0,5.0,5.0
Grok,2017A,43.75,2.1875,5.0
O1,2017A,87.5,4.375,5.0
Claude Opus,2017B,100.0,10.0,10.0
Claude Sonnet 4.5,2017B,100.0,10.0,10.0
GPT-4o,2017B,95.0,9.5,10.0
GPT-5,2017B,100.0,10.0,10.0
Gemini 2.5 Flash,2017B,100.0,10.0,10.0
Gemini 2.5 Pro,2017B,100.0,10.0,10.0
Grok,2017B,90.0,9.0,10.0
O1,2017B,100.0,10.0,10.0
Claude Opus,2017C,5.8824,0.5882,10.0
Claude Sonnet 4.5,2017C,41.1765,4.1177,10.0
GPT-4o,2017C,12.5,1.25,10.0
GPT-5,2017C,35.2941,3.5294,10.0
Gemini 2.5 Flash,2017C,52.9412,5.2941,10.0
Gemini 2.5 Pro,2017C,23.5294,2.3529,10.0
Grok,2017C,0.0,0.0,10.0
O1,2017C,29.4118,2.9412,10.0
Claude Opus,2017D,100.0,10.0,10.0
Claude Sonnet 4.5,2017D,90.0,9.0,10.0
GPT-4o,2017D,0.0,0.0,10.0
GPT-5,2017D,100.0,10.0,10.0
Gemini 2.5 Flash,2017D,90.0,9.0,10.0
Grok,2017D,90.0,9.0,10.0
O1,2017D,100.0,10.0,10.0
Claude Opus,2017E,92.0,18.4,20.0
Claude Sonnet 4.5,2017E,100.0,20.0,20.0
GPT-4o,2017E,0.0,0.0,20.0
GPT-5,2017E,100.0,20.0,20.0
Gemini 2.5 Flash,2017E,100.0,20.0,20.0
Gemini 2.5 Pro,2017E,100.0,20.0,20.0
Grok,2017E,4.0,0.8,20.0
O1,2017E,100.0,20.0,20.0
Claude Opus,2017F,100.0,10.0,10.0
Claude Sonnet 4.5,2017F,63.6364,6.3636,10.0
GPT-4o,2017F,54.5455,5.4546,10.0
GPT-5,2017F,100.0,10.0,10.0
Gemini 2.5 Flash,2017F,100.0,10.0,10.0
Gemini 2.5 Pro,2017F,100.0,10.0,10.0
Grok,2017F,81.8182,8.1818,10.0
O1,2017F,100.0,10.0,10.0
Claude Opus,2017G,22.2222,3.3333,15.0
Claude Sonnet 4.5,2017G,88.8889,13.3333,15.0
GPT-4o,2017G,0.0,0.0,15.0
GPT-5,2017G,88.8889,13.3333,15.0
Gemini 2.5 Flash,2017G,22.2222,3.3333,15.0
Gemini 2.5 Pro,2017G,100.0,15.0,15.0
Grok,2017G,88.8889,13.3333,15.0
O1,2017G,88.8889,13.3333,15.0
Claude Opus,2017H,0.0,0.0,15.0
Claude Sonnet 4.5,2017H,0.0,0.0,15.0
GPT-4o,2017H,0.0,0.0,15.0
GPT-5,2017H,100.0,15.0,15.0
Gemini 2.5 Flash,2017H,0.0,0.0,15.0
Gemini 2.5 Pro,2017H,100.0,15.0,15.0
Grok,2017H,100.0,15.0,15.0
O1,2017H,0.0,0.0,15.0
Claude Opus,2017I,97.619,9.7619,10.0
Claude Sonnet 4.5,2017I,95.2381,9.5238,10.0
GPT-4o,2017I,0.0,0.0,10.0
GPT-5,2017I,90.4762,9.0476,10.0
Gemini 2.5 Flash,2017I,85.7143,8.5714,10.0
Gemini 2.5 Pro,2017I,92.8571,9.2857,10.0
Grok,2017I,73.8095,7.3809,10.0
O1,2017I,85.7143,8.5714,10.0
Claude Opus,2017J,100.0,5.0,5.0
Claude Sonnet 4.5,2017J,100.0,5.0,5.0
GPT-4o,2017J,38.2353,1.9118,5.0
GPT-5,2017J,100.0,5.0,5.0
Gemini 2.5 Flash,2017J,100.0,5.0,5.0
Gemini 2.5 Pro,2017J,100.0,5.0,5.0
Grok,2017J,58.8235,2.9412,5.0
O1,2017J,58.8235,2.9412,5.0
Claude Opus,2017K,33.3333,3.3333,10.0
Claude Sonnet 4.5,2017K,33.3333,3.3333,10.0
GPT-4o,2017K,0.0,0.0,10.0
GPT-5,2017K,100.0,10.0,10.0
Gemini 2.5 Flash,2017K,66.6667,6.6667,10.0
Gemini 2.5 Pro,2017K,66.6667,6.6667,10.0
Grok,2017K,100.0,10.0,10.0
O1,2017K,33.3333,3.3333,10.0
Claude Opus,2017L,33.3333,5.0,15.0
Claude Sonnet 4.5,2017L,41.6667,6.25,15.0
GPT-4o,2017L,0.0,0.0,15.0
GPT-5,2017L,83.3333,12.5,15.0
Gemini 2.5 Flash,2017L,33.3333,5.0,15.0
Gemini 2.5 Pro,2017L,91.6667,13.75,15.0
Grok,2017L,16.6667,2.5,15.0
O1,2017L,16.6667,2.5,15.0
Claude Opus,2017M,100.0,5.0,5.0
Claude Sonnet 4.5,2017M,91.6667,4.5833,5.0
GPT-4o,2017M,25.0,1.25,5.0
GPT-5,2017M,91.6667,4.5833,5.0
Gemini 2.5 Flash,2017M,100.0,5.0,5.0
Gemini 2.5 Pro,2017M,91.6667,4.5833,5.0
Grok,2017M,50.0,2.5,5.0
O1,2017M,83.3333,4.1667,5.0
Claude Opus,2017N,97.8261,9.7826,10.0
Claude Sonnet 4.5,2017N,95.6522,9.5652,10.0
GPT-4o,2017N,0.0,0.0,10.0
GPT-5,2017N,100.0,10.0,10.0
Gemini 2.5 Flash,2017N,97.8261,9.7826,10.0
Gemini 2.5 Pro,2017N,97.8261,9.7826,10.0
Grok,2017N,76.087,7.6087,10.0
O1,2017N,97.8261,9.7826,10.0
Claude Opus,2017O,45.4545,4.5455,10.0
Claude Sonnet 4.5,2017O,45.4545,4.5455,10.0
GPT-4o,2017O,0.0,0.0,10.0
GPT-5,2017O,54.5455,5.4546,10.0
Gemini 2.5 Flash,2017O,45.4545,4.5455,10.0
Gemini 2.5 Pro,2017O,54.5455,5.4546,10.0
Grok,2017O,9.0909,0.9091,10.0
O1,2017O,0.0,0.0,10.0
Claude Opus,2017P,0.0,0.0,10.0
Claude Sonnet 4.5,2017P,66.6667,6.6667,10.0
GPT-4o,2017P,0.0,0.0,10.0
GPT-5,2017P,100.0,10.0,10.0
Gemini 2.5 Flash,2017P,66.6667,6.6667,10.0
Gemini 2.5 Pro,2017P,100.0,10.0,10.0
Grok,2017P,0.0,0.0,10.0
O1,2017P,66.6667,6.6667,10.0
Claude Opus,2017Q,20.0,3.0,15.0
Claude Sonnet 4.5,2017Q,50.0,7.5,15.0
GPT-4o,2017Q,0.0,0.0,15.0
GPT-5,2017Q,100.0,15.0,15.0
Gemini 2.5 Flash,2017Q,30.0,4.5,15.0
Gemini 2.5 Pro,2017Q,85.0,12.75,15.0
Grok,2017Q,20.0,3.0,15.0
O1,2017Q,0.0,0.0,15.0
Claude Opus,2017R,0.0,0.0,10.0
Claude Sonnet 4.5,2017R,7.1429,0.7143,10.0
GPT-4o,2017R,0.0,0.0,10.0
GPT-5,2017R,92.8571,9.2857,10.0
Gemini 2.5 Flash,2017R,7.1429,0.7143,10.0
Gemini 2.5 Pro,2017R,100.0,10.0,10.0
Grok,2017R,7.1429,0.7143,10.0
O1,2017R,14.2857,1.4286,10.0
Claude Opus,2018A,93.75,9.375,10.0
Claude Sonnet 4.5,2018A,43.75,4.375,10.0
GPT-4o,2018A,0.0,0.0,10.0
GPT-5,2018A,81.25,8.125,10.0
Gemini 2.5 Flash,2018A,62.5,6.25,10.0
Gemini 2.5 Pro,2018A,87.5,8.75,10.0
Grok,2018A,18.75,1.875,10.0
O1,2018A,0.0,0.0,10.0
Claude Opus,2018B,28.5714,5.7143,20.0
Claude Sonnet 4.5,2018B,57.1429,11.4286,20.0
GPT-4o,2018B,0.0,0.0,20.0
GPT-5,2018B,85.7143,17.1429,20.0
Gemini 2.5 Pro,2018B,42.8571,8.5714,20.0
Grok,2018B,28.5714,5.7143,20.0
O1,2018B,0.0,0.0,20.0
Claude Opus,2018C,65.0,13.0,20.0
Claude Sonnet 4.5,2018C,65.0,13.0,20.0
GPT-4o,2018C,75.0,15.0,20.0
GPT-5,2018C,85.0,17.0,20.0
Gemini 2.5 Flash,2018C,95.0,19.0,20.0
Gemini 2.5 Pro,2018C,100.0,20.0,20.0
Grok,2018C,80.0,16.0,20.0
O1,2018C,15.0,3.0,20.0
Claude Opus,2018D,33.3333,1.6667,5.0
Claude Sonnet 4.5,2018D,55.5556,2.7778,5.0
GPT-4o,2018D,0.0,0.0,5.0
GPT-5,2018D,100.0,5.0,5.0
Gemini 2.5 Flash,2018D,100.0,5.0,5.0
Gemini 2.5 Pro,2018D,100.0,5.0,5.0
Grok,2018D,11.1111,0.5556,5.0
O1,2018D,0.0,0.0,5.0
Claude Opus,2018E,16.6667,0.8333,5.0
Claude Sonnet 4.5,2018E,41.6667,2.0833,5.0
GPT-4o,2018E,0.0,0.0,5.0
GPT-5,2018E,100.0,5.0,5.0
Gemini 2.5 Flash,2018E,50.0,2.5,5.0
Gemini 2.5 Pro,2018E,100.0,5.0,5.0
Grok,2018E,45.8333,2.2917,5.0
O1,2018E,0.0,0.0,5.0
Claude Opus,2018F,83.3333,12.5,15.0
Claude Sonnet 4.5,2018F,95.8333,14.375,15.0
GPT-4o,2018F,91.6667,13.75,15.0
GPT-5,2018F,100.0,15.0,15.0
Gemini 2.5 Flash,2018F,100.0,15.0,15.0
Gemini 2.5 Pro,2018F,100.0,15.0,15.0
Grok,2018F,83.3333,12.5,15.0
O1,2018F,4.1667,0.625,15.0
Claude Opus,2018G,68.75,6.875,10.0
Claude Sonnet 4.5,2018G,68.75,6.875,10.0
GPT-4o,2018G,50.0,5.0,10.0
GPT-5,2018G,100.0,10.0,10.0
Gemini 2.5 Flash,2018G,68.75,6.875,10.0
Gemini 2.5 Pro,2018G,100.0,10.0,10.0
Grok,2018G,56.25,5.625,10.0
O1,2018G,6.25,0.625,10.0
Claude Opus,2018H,6.6667,1.0,15.0
Claude Sonnet 4.5,2018H,6.6667,1.0,15.0
GPT-4o,2018H,0.0,0.0,15.0
GPT-5,2018H,0.0,0.0,15.0
Gemini 2.5 Flash,2018H,0.0,0.0,15.0
Gemini 2.5 Pro,2018H,6.6667,1.0,15.0
Grok,2018H,6.6667,1.0,15.0
O1,2018H,6.6667,1.0,15.0
Claude Opus,2018I,2.0,0.3,15.0
Claude Sonnet 4.5,2018I,0.0,0.0,15.0
GPT-4o,2018I,12.0,1.8,15.0
GPT-5,2018I,20.0,3.0,15.0
Gemini 2.5 Flash,2018I,16.0,2.4,15.0
Gemini 2.5 Pro,2018I,48.0,7.2,15.0
Grok,2018I,20.0,3.0,15.0
O1,2018I,8.0,1.2,15.0
Claude Opus,2018J,13.1579,1.3158,10.0
Claude Sonnet 4.5,2018J,68.4211,6.8421,10.0
GPT-4o,2018J,10.5263,1.0526,10.0
GPT-5,2018J,76.3158,7.6316,10.0
Gemini 2.5 Flash,2018J,63.1579,6.3158,10.0
Gemini 2.5 Pro,2018J,65.7895,6.5789,10.0
Grok,2018J,39.4737,3.9474,10.0
O1,2018J,47.3684,4.7368,10.0
Claude Opus,2018K,19.0476,1.9048,10.0
Claude Sonnet 4.5,2018K,47.619,4.7619,10.0
GPT-4o,2018K,0.0,0.0,10.0
GPT-5,2018K,38.0952,3.8095,10.0
Gemini 2.5 Flash,2018K,100.0,10.0,10.0
Gemini 2.5 Pro,2018K,100.0,10.0,10.0
Grok,2018K,23.8095,2.3809,10.0
O1,2018K,9.5238,0.9524,10.0
Claude Opus,2018L,41.9355,2.0968,5.0
Claude Sonnet 4.5,2018L,74.1935,3.7097,5.0
GPT-4o,2018L,8.0645,0.4032,5.0
GPT-5,2018L,96.7742,4.8387,5.0
Gemini 2.5 Flash,2018L,80.6452,4.0323,5.0
Gemini 2.5 Pro,2018L,96.7742,4.8387,5.0
Grok,2018L,70.9677,3.5484,5.0
O1,2018L,80.6452,4.0323,5.0
Claude Opus,2018M,6.0606,0.9091,15.0
Claude Sonnet 4.5,2018M,0.0,0.0,15.0
GPT-4o,2018M,3.0303,0.4545,15.0
GPT-5,2018M,4.5455,0.6818,15.0
Gemini 2.5 Pro,2018M,6.0606,0.9091,15.0
Grok,2018M,0.0,0.0,15.0
O1,2018M,0.0,0.0,15.0
Claude Opus,2018N,25.0,2.5,10.0
Claude Sonnet 4.5,2018N,46.4286,4.6429,10.0
GPT-4o,2018N,7.1429,0.7143,10.0
GPT-5,2018N,85.7143,8.5714,10.0
Gemini 2.5 Flash,2018N,32.1429,3.2143,10.0
Gemini 2.5 Pro,2018N,100.0,10.0,10.0
Grok,2018N,50.0,5.0,10.0
O1,2018N,57.1429,5.7143,10.0
Claude Opus,2018O,55.0,2.75,5.0
Claude Sonnet 4.5,2018O,67.5,3.375,5.0
GPT-4o,2018O,0.0,0.0,5.0
GPT-5,2018O,72.5,3.625,5.0
Gemini 2.5 Flash,2018O,52.5,2.625,5.0
Gemini 2.5 Pro,2018O,57.5,2.875,5.0
Grok,2018O,30.0,1.5,5.0
O1,2018O,67.5,3.375,5.0
Claude Opus,2018P,50.0,2.5,5.0
Claude Sonnet 4.5,2018P,15.0,0.75,5.0
GPT-4o,2018P,5.0,0.25,5.0
GPT-5,2018P,100.0,5.0,5.0
Gemini 2.5 Flash,2018P,100.0,5.0,5.0
Gemini 2.5 Pro,2018P,97.5,4.875,5.0
Grok,2018P,95.0,4.75,5.0
O1,2018P,15.0,0.75,5.0
Claude Opus,2018Q,58.8235,5.8824,10.0
Claude Sonnet 4.5,2018Q,82.3529,8.2353,10.0
GPT-4o,2018Q,32.3529,3.2353,10.0
GPT-5,2018Q,91.1765,9.1177,10.0
Gemini 2.5 Flash,2018Q,73.5294,7.3529,10.0
Gemini 2.5 Pro,2018Q,100.0,10.0,10.0
Grok,2018Q,52.9412,5.2941,10.0
O1,2018Q,58.8235,5.8824,10.0
Claude Opus,2018R,0.0,0.0,15.0
Claude Sonnet 4.5,2018R,28.5714,4.2857,15.0
GPT-4o,2018R,0.0,0.0,15.0
GPT-5,2018R,0.0,0.0,15.0
Gemini 2.5 Flash,2018R,35.7143,5.3571,15.0
Gemini 2.5 Pro,2018R,57.1429,8.5714,15.0
Grok,2018R,14.2857,2.1429,15.0
O1,2018R,0.0,0.0,15.0
Claude Opus,2019A,66.6667,6.6667,10.0
Claude Sonnet 4.5,2019A,77.7778,7.7778,10.0
GPT-4o,2019A,0.0,0.0,10.0
GPT-5,2019A,77.7778,7.7778,10.0
Gemini 2.5 Flash,2019A,72.2222,7.2222,10.0
Gemini 2.5 Pro,2019A,88.8889,8.8889,10.0
Grok,2019A,22.2222,2.2222,10.0
O1,2019A,72.2222,7.2222,10.0
Claude Opus,2019B,87.5,13.125,15.0
Claude Sonnet 4.5,2019B,93.75,14.0625,15.0
GPT-4o,2019B,0.0,0.0,15.0
GPT-5,2019B,93.75,14.0625,15.0
Gemini 2.5 Flash,2019B,81.25,12.1875,15.0
Gemini 2.5 Pro,2019B,87.5,13.125,15.0
Grok,2019B,75.0,11.25,15.0
O1,2019B,75.0,11.25,15.0
Claude Opus,2019C,0.0,0.0,10.0
Claude Sonnet 4.5,2019C,33.3333,3.3333,10.0
GPT-4o,2019C,0.0,0.0,10.0
GPT-5,2019C,33.3333,3.3333,10.0
Gemini 2.5 Flash,2019C,25.0,2.5,10.0
Grok,2019C,16.6667,1.6667,10.0
O1,2019C,0.0,0.0,10.0
Claude Opus,2019D,12.5,1.875,15.0
Claude Sonnet 4.5,2019D,31.25,4.6875,15.0
GPT-4o,2019D,0.0,0.0,15.0
GPT-5,2019D,6.25,0.9375,15.0
Gemini 2.5 Flash,2019D,12.5,1.875,15.0
Gemini 2.5 Pro,2019D,12.5,1.875,15.0
Grok,2019D,6.25,0.9375,15.0
O1,2019D,18.75,2.8125,15.0
Claude Opus,2019E,0.0,0.0,10.0
Claude Sonnet 4.5,2019E,0.0,0.0,10.0
GPT-4o,2019E,0.0,0.0,10.0
GPT-5,2019E,16.6667,1.6667,10.0
Gemini 2.5 Flash,2019E,0.0,0.0,10.0
Gemini 2.5 Pro,2019E,16.6667,1.6667,10.0
Grok,2019E,0.0,0.0,10.0
O1,2019E,0.0,0.0,10.0
Claude Opus,2019F,12.5,1.25,10.0
Claude Sonnet 4.5,2019F,10.4167,1.0417,10.0
GPT-4o,2019F,0.0,0.0,10.0
GPT-5,2019F,20.8333,2.0833,10.0
Gemini 2.5 Flash,2019F,12.5,1.25,10.0
Grok,2019F,14.5833,1.4583,10.0
O1,2019F,12.5,1.25,10.0
Claude Opus,2019G,75.0,3.75,5.0
Claude Sonnet 4.5,2019G,79.1667,3.9583,5.0
GPT-4o,2019G,0.0,0.0,5.0
GPT-5,2019G,91.6667,4.5833,5.0
Gemini 2.5 Flash,2019G,58.3333,2.9167,5.0
Grok,2019G,29.1667,1.4583,5.0
O1,2019G,87.5,4.375,5.0
Claude Opus,2019H,16.6667,2.5,15.0
Claude Sonnet 4.5,2019H,11.1111,1.6667,15.0
GPT-4o,2019H,0.0,0.0,15.0
GPT-5,2019H,5.5556,0.8333,15.0
Gemini 2.5 Flash,2019H,5.5556,0.8333,15.0
Gemini 2.5 Pro,2019H,0.0,0.0,15.0
Grok,2019H,5.5556,0.8333,15.0
O1,2019H,5.5556,0.8333,15.0
Claude Opus,2019I,25.0,1.25,5.0
Claude Sonnet 4.5,2019I,31.25,1.5625,5.0
GPT-4o,2019I,0.0,0.0,5.0
GPT-5,2019I,31.25,1.5625,5.0
Gemini 2.5 Flash,2019I,18.75,0.9375,5.0
Gemini 2.5 Pro,2019I,56.25,2.8125,5.0
Grok,2019I,6.25,0.3125,5.0
O1,2019I,43.75,2.1875,5.0
Claude Opus,2019J,68.4211,6.8421,10.0
Claude Sonnet 4.5,2019J,81.5789,8.1579,10.0
GPT-5,2019J,71.0526,7.1053,10.0
Gemini 2.5 Flash,2019J,50.0,5.0,10.0
Gemini 2.5 Pro,2019J,57.8947,5.7895,10.0
Grok,2019J,55.2632,5.5263,10.0
O1,2019J,73.6842,7.3684,10.0
Claude Opus,2019K,4.1667,0.4167,10.0
Claude Sonnet 4.5,2019K,20.8333,2.0833,10.0
GPT-4o,2019K,0.0,0.0,10.0
Gemini 2.5 Flash,2019K,0.0,0.0,10.0
Gemini 2.5 Pro,2019K,0.0,0.0,10.0
Grok,2019K,0.0,0.0,10.0
O1,2019K,0.0,0.0,10.0
Claude Opus,2019L,16.6667,2.5,15.0
Claude Sonnet 4.5,2019L,33.3333,5.0,15.0
GPT-4o,2019L,0.0,0.0,15.0
GPT-5,2019L,66.6667,10.0,15.0
Gemini 2.5 Flash,2019L,50.0,7.5,15.0
Gemini 2.5 Pro,2019L,33.3333,5.0,15.0
Grok,2019L,33.3333,5.0,15.0
O1,2019L,0.0,0.0,15.0
Claude Opus,2019M,7.1429,0.7143,10.0
Claude Sonnet 4.5,2019M,0.0,0.0,10.0
GPT-4o,2019M,0.0,0.0,10.0
GPT-5,2019M,85.7143,8.5714,10.0
Gemini 2.5 Flash,2019M,57.1429,5.7143,10.0
Gemini 2.5 Pro,2019M,14.2857,1.4286,10.0
Grok,2019M,0.0,0.0,10.0
O1,2019M,28.5714,2.8571,10.0
Claude Opus,2019N,7.6923,1.1538,15.0
Claude Sonnet 4.5,2019N,7.6923,1.1538,15.0
GPT-4o,2019N,0.0,0.0,15.0
GPT-5,2019N,0.0,0.0,15.0
Gemini 2.5 Flash,2019N,3.8462,0.5769,15.0
Gemini 2.5 Pro,2019N,3.8462,0.5769,15.0
Grok,2019N,0.0,0.0,15.0
O1,2019N,7.6923,1.1538,15.0
Claude Opus,2019O,72.2222,3.6111,5.0
Claude Sonnet 4.5,2019O,44.4444,2.2222,5.0
GPT-4o,2019O,0.0,0.0,5.0
GPT-5,2019O,88.8889,4.4444,5.0
Gemini 2.5 Flash,2019O,94.4444,4.7222,5.0
Gemini 2.5 Pro,2019O,77.7778,3.8889,5.0
Grok,2019O,50.0,2.5,5.0
O1,2019O,0.0,0.0,5.0
Claude Opus,2019P,0.0,0.0,15.0
Claude Sonnet 4.5,2019P,0.0,0.0,15.0
GPT-4o,2019P,0.0,0.0,15.0
GPT-5,2019P,0.0,0.0,15.0
Gemini 2.5 Flash,2019P,0.0,0.0,15.0
Gemini 2.5 Pro,2019P,7.1429,1.0714,15.0
Grok,2019P,0.0,0.0,15.0
O1,2019P,0.0,0.0,15.0
Claude Opus,2019Q,39.2857,3.9286,10.0
Claude Sonnet 4.5,2019Q,10.7143,1.0714,10.0
GPT-5,2019Q,42.8571,4.2857,10.0
Gemini 2.5 Flash,2019Q,50.0,5.0,10.0
Gemini 2.5 Pro,2019Q,53.5714,5.3571,10.0
Grok,2019Q,25.0,2.5,10.0
O1,2019Q,21.4286,2.1429,10.0
Claude Opus,2019R,57.1429,2.8571,5.0
Claude Sonnet 4.5,2019R,0.0,0.0,5.0
GPT-4o,2019R,0.0,0.0,5.0
GPT-5,2019R,61.9048,3.0952,5.0
Gemini 2.5 Flash,2019R,69.0476,3.4524,5.0
Gemini 2.5 Pro,2019R,33.3333,1.6667,5.0
Grok,2019R,57.1429,2.8571,5.0
O1,2019R,57.1429,2.8571,5.0
Claude Opus,2020A,45.4545,2.2727,5.0
Claude Sonnet 4.5,2020A,57.5758,2.8788,5.0
GPT-4o,2020A,3.0303,0.1515,5.0
GPT-5,2020A,81.8182,4.0909,5.0
Gemini 2.5 Flash,2020A,75.7576,3.7879,5.0
Gemini 2.5 Pro,2020A,81.8182,4.0909,5.0
Grok,2020A,90.9091,4.5455,5.0
O1,2020A,0.0,0.0,5.0
Claude Opus,2020B,0.0,0.0,15.0
Claude Sonnet 4.5,2020B,0.0,0.0,15.0
GPT-4o,2020B,0.0,0.0,15.0
GPT-5,2020B,47.8261,7.1739,15.0
Gemini 2.5 Flash,2020B,54.3478,8.1522,15.0
Gemini 2.5 Pro,2020B,82.6087,12.3913,15.0
Grok,2020B,43.4783,6.5217,15.0
O1,2020B,19.5652,2.9348,15.0
Claude Opus,2020C,15.3846,3.0769,20.0
Claude Sonnet 4.5,2020C,15.3846,3.0769,20.0
GPT-4o,2020C,0.0,0.0,20.0
GPT-5,2020C,0.0,0.0,20.0
Gemini 2.5 Flash,2020C,11.5385,2.3077,20.0
Gemini 2.5 Pro,2020C,7.6923,1.5385,20.0
Grok,2020C,3.8462,0.7692,20.0
O1,2020C,0.0,0.0,20.0
Claude Opus,2020D,0.0,0.0,10.0
Claude Sonnet 4.5,2020D,18.75,1.875,10.0
GPT-4o,2020D,12.5,1.25,10.0
GPT-5,2020D,87.5,8.75,10.0
Gemini 2.5 Flash,2020D,12.5,1.25,10.0
Gemini 2.5 Pro,2020D,62.5,6.25,10.0
Grok,2020D,12.5,1.25,10.0
O1,2020D,6.25,0.625,10.0
Claude Opus,2020E,83.3333,12.5,15.0
Claude Sonnet 4.5,2020E,83.3333,12.5,15.0
GPT-4o,2020E,33.3333,5.0,15.0
GPT-5,2020E,100.0,15.0,15.0
Gemini 2.5 Flash,2020E,100.0,15.0,15.0
Gemini 2.5 Pro,2020E,100.0,15.0,15.0
Grok,2020E,50.0,7.5,15.0
O1,2020E,66.6667,10.0,15.0
Claude Opus,2020F,16.6667,2.5,15.0
Claude Sonnet 4.5,2020F,27.7778,4.1667,15.0
GPT-4o,2020F,11.1111,1.6667,15.0
GPT-5,2020F,33.3333,5.0,15.0
Gemini 2.5 Flash,2020F,27.7778,4.1667,15.0
Gemini 2.5 Pro,2020F,72.2222,10.8333,15.0
Grok,2020F,0.0,0.0,15.0
O1,2020F,16.6667,2.5,15.0
Claude Opus,2020G,5.5556,0.5556,10.0
Claude Sonnet 4.5,2020G,11.1111,1.1111,10.0
GPT-4o,2020G,0.0,0.0,10.0
GPT-5,2020G,55.5556,5.5556,10.0
Gemini 2.5 Flash,2020G,11.1111,1.1111,10.0
Gemini 2.5 Pro,2020G,72.2222,7.2222,10.0
Grok,2020G,0.0,0.0,10.0
O1,2020G,0.0,0.0,10.0
Claude Opus,2020H,0.0,0.0,10.0
Claude Sonnet 4.5,2020H,0.0,0.0,10.0
GPT-4o,2020H,0.0,0.0,10.0
GPT-5,2020H,0.0,0.0,10.0
Gemini 2.5 Flash,2020H,0.0,0.0,10.0
Gemini 2.5 Pro,2020H,0.0,0.0,10.0
Grok,2020H,0.0,0.0,10.0
O1,2020H,0.0,0.0,10.0
Claude Opus,2020I,41.6667,4.1667,10.0
Claude Sonnet 4.5,2020I,66.6667,6.6667,10.0
GPT-4o,2020I,0.0,0.0,10.0
GPT-5,2020I,91.6667,9.1667,10.0
Gemini 2.5 Flash,2020I,91.6667,9.1667,10.0
Gemini 2.5 Pro,2020I,91.6667,9.1667,10.0
Grok,2020I,50.0,5.0,10.0
O1,2020I,8.3333,0.8333,10.0
Claude Opus,2020J,0.0,0.0,15.0
Claude Sonnet 4.5,2020J,33.3333,5.0,15.0
GPT-4o,2020J,16.6667,2.5,15.0
GPT-5,2020J,25.0,3.75,15.0
Gemini 2.5 Flash,2020J,50.0,7.5,15.0
Gemini 2.5 Pro,2020J,58.3333,8.75,15.0
Grok,2020J,0.0,0.0,15.0
O1,2020J,0.0,0.0,15.0
Claude Opus,2020K,2.7778,0.2778,10.0
Claude Sonnet 4.5,2020K,2.7778,0.2778,10.0
GPT-4o,2020K,0.0,0.0,10.0
GPT-5,2020K,5.5556,0.5556,10.0
Gemini 2.5 Flash,2020K,5.5556,0.5556,10.0
Gemini 2.5 Pro,2020K,0.0,0.0,10.0
Grok,2020K,0.0,0.0,10.0
O1,2020K,0.0,0.0,10.0
Claude Opus,2020L,53.5714,2.6786,5.0
Claude Sonnet 4.5,2020L,71.4286,3.5714,5.0
GPT-4o,2020L,0.0,0.0,5.0
GPT-5,2020L,89.2857,4.4643,5.0
Gemini 2.5 Flash,2020L,96.4286,4.8214,5.0
Gemini 2.5 Pro,2020L,67.8571,3.3929,5.0
Grok,2020L,35.7143,1.7857,5.0
O1,2020L,57.1429,2.8571,5.0
Claude Opus,2020M,54.5455,5.4546,10.0
Claude Sonnet 4.5,2020M,81.8182,8.1818,10.0
GPT-4o,2020M,45.4545,4.5455,10.0
GPT-5,2020M,72.7273,7.2727,10.0
Gemini 2.5 Flash,2020M,54.5455,5.4546,10.0
Gemini 2.5 Pro,2020M,63.6364,6.3636,10.0
Grok,2020M,45.4545,4.5455,10.0
O1,2020M,63.6364,6.3636,10.0
Claude Opus,2020N,0.0,0.0,5.0
Claude Sonnet 4.5,2020N,42.8571,2.1429,5.0
GPT-4o,2020N,0.0,0.0,5.0
GPT-5,2020N,92.8571,4.6429,5.0
Gemini 2.5 Flash,2020N,7.1429,0.3571,5.0
Gemini 2.5 Pro,2020N,50.0,2.5,5.0
Grok,2020N,28.5714,1.4286,5.0
O1,2020N,0.0,0.0,5.0
Claude Opus,2020O,50.0,5.0,10.0
Claude Sonnet 4.5,2020O,50.0,5.0,10.0
GPT-4o,2020O,10.0,1.0,10.0
GPT-5,2020O,85.0,8.5,10.0
Gemini 2.5 Flash,2020O,85.0,8.5,10.0
Gemini 2.5 Pro,2020O,85.0,8.5,10.0
Grok,2020O,35.0,3.5,10.0
O1,2020O,45.0,4.5,10.0
Claude Opus,2020P,29.4118,2.9412,10.0
Claude Sonnet 4.5,2020P,11.7647,1.1765,10.0
GPT-4o,2020P,0.0,0.0,10.0
GPT-5,2020P,47.0588,4.7059,10.0
Gemini 2.5 Flash,2020P,11.7647,1.1765,10.0
Gemini 2.5 Pro,2020P,35.2941,3.5294,10.0
Grok,2020P,47.0588,4.7059,10.0
O1,2020P,23.5294,2.3529,10.0
Claude Opus,2020Q,5.2632,0.5263,10.0
Claude Sonnet 4.5,2020Q,15.7895,1.579,10.0
GPT-4o,2020Q,10.5263,1.0526,10.0
GPT-5,2020Q,31.5789,3.1579,10.0
Gemini 2.5 Flash,2020Q,26.3158,2.6316,10.0
Gemini 2.5 Pro,2020Q,34.2105,3.4211,10.0
Grok,2020Q,31.5789,3.1579,10.0
O1,2020Q,0.0,0.0,10.0
Claude Opus,2020R,0.0,0.0,10.0
Claude Sonnet 4.5,2020R,22.7273,2.2727,10.0
GPT-4o,2020R,0.0,0.0,10.0
GPT-5,2020R,81.8182,8.1818,10.0
Gemini 2.5 Flash,2020R,45.4545,4.5455,10.0
Gemini 2.5 Pro,2020R,22.7273,2.2727,10.0
Grok,2020R,9.0909,0.9091,10.0
O1,2020R,0.0,0.0,10.0
Claude Opus,2021A,40.0,4.0,10.0
Claude Sonnet 4.5,2021A,50.0,5.0,10.0
GPT-4o,2021A,0.0,0.0,10.0
GPT-5,2021A,100.0,10.0,10.0
Gemini 2.5 Flash,2021A,100.0,10.0,10.0
Gemini 2.5 Pro,2021A,100.0,10.0,10.0
Grok,2021A,0.0,0.0,10.0
O1,2021A,100.0,10.0,10.0
Claude Opus,2021B,0.0,0.0,10.0
Claude Sonnet 4.5,2021B,9.0909,0.9091,10.0
GPT-4o,2021B,0.0,0.0,10.0
GPT-5,2021B,31.8182,3.1818,10.0
Gemini 2.5 Flash,2021B,22.7273,2.2727,10.0
Gemini 2.5 Pro,2021B,18.1818,1.8182,10.0
Grok,2021B,0.0,0.0,10.0
O1,2021B,0.0,0.0,10.0
Claude Opus,2021C,18.1818,1.8182,10.0
Claude Sonnet 4.5,2021C,4.5455,0.4545,10.0
GPT-4o,2021C,4.5455,0.4545,10.0
GPT-5,2021C,86.3636,8.6364,10.0
Gemini 2.5 Flash,2021C,84.0909,8.4091,10.0
Gemini 2.5 Pro,2021C,88.6364,8.8636,10.0
Grok,2021C,29.5455,2.9546,10.0
O1,2021C,29.5455,2.9546,10.0
Claude Opus,2021D,17.6471,1.7647,10.0
Claude Sonnet 4.5,2021D,5.8824,0.5882,10.0
GPT-4o,2021D,0.0,0.0,10.0
GPT-5,2021D,64.7059,6.4706,10.0
Gemini 2.5 Flash,2021D,11.7647,1.1765,10.0
Gemini 2.5 Pro,2021D,17.6471,1.7647,10.0
Grok,2021D,17.6471,1.7647,10.0
O1,2021D,5.8824,0.5882,10.0
Claude Opus,2021E,8.6957,1.3044,15.0
Claude Sonnet 4.5,2021E,13.0435,1.9565,15.0
GPT-5,2021E,0.0,0.0,15.0
Gemini 2.5 Flash,2021E,8.6957,1.3044,15.0
Gemini 2.5 Pro,2021E,8.6957,1.3044,15.0
Grok,2021E,13.0435,1.9565,15.0
O1,2021E,8.6957,1.3044,15.0
Claude Opus,2021F,42.8571,6.4286,15.0
Claude Sonnet 4.5,2021F,42.8571,6.4286,15.0
GPT-4o,2021F,28.5714,4.2857,15.0
GPT-5,2021F,92.8571,13.9286,15.0
Gemini 2.5 Flash,2021F,0.0,0.0,15.0
Gemini 2.5 Pro,2021F,57.1429,8.5714,15.0
Grok,2021F,14.2857,2.1429,15.0
O1,2021F,57.1429,8.5714,15.0
Claude Opus,2021G,8.6957,1.3044,15.0
Claude Sonnet 4.5,2021G,8.6957,1.3044,15.0
GPT-4o,2021G,0.0,0.0,15.0
GPT-5,2021G,73.913,11.0869,15.0
Gemini 2.5 Flash,2021G,39.1304,5.8696,15.0
Gemini 2.5 Pro,2021G,95.6522,14.3478,15.0
Grok,2021G,4.3478,0.6522,15.0
O1,2021G,17.3913,2.6087,15.0
Claude Opus,2021H,42.1053,2.1053,5.0
Claude Sonnet 4.5,2021H,42.1053,2.1053,5.0
GPT-4o,2021H,0.0,0.0,5.0
GPT-5,2021H,63.1579,3.1579,5.0
Gemini 2.5 Flash,2021H,68.4211,3.4211,5.0
Gemini 2.5 Pro,2021H,84.2105,4.2105,5.0
Grok,2021H,15.7895,0.7895,5.0
O1,2021H,0.0,0.0,5.0
Claude Opus,2021I,46.875,4.6875,10.0
Claude Sonnet 4.5,2021I,28.125,2.8125,10.0
GPT-4o,2021I,31.25,3.125,10.0
GPT-5,2021I,75.0,7.5,10.0
Gemini 2.5 Flash,2021I,46.875,4.6875,10.0
Gemini 2.5 Pro,2021I,59.375,5.9375,10.0
Grok,2021I,90.625,9.0625,10.0
O1,2021I,31.25,3.125,10.0
Claude Opus,2021J,30.9524,3.0952,10.0
Claude Sonnet 4.5,2021J,38.0952,3.8095,10.0
GPT-4o,2021J,0.0,0.0,10.0
GPT-5,2021J,100.0,10.0,10.0
Gemini 2.5 Flash,2021J,52.381,5.2381,10.0
Gemini 2.5 Pro,2021J,47.619,4.7619,10.0
Grok,2021J,14.2857,1.4286,10.0
O1,2021J,4.7619,0.4762,10.0
Claude Opus,2021K,3.7037,0.1852,5.0
Claude Sonnet 4.5,2021K,7.4074,0.3704,5.0
GPT-4o,2021K,0.0,0.0,5.0
GPT-5,2021K,100.0,5.0,5.0
Gemini 2.5 Flash,2021K,11.1111,0.5556,5.0
Gemini 2.5 Pro,2021K,7.4074,0.3704,5.0
Grok,2021K,0.0,0.0,5.0
O1,2021K,3.7037,0.1852,5.0
Claude Opus,2021L,5.0,0.5,10.0
Claude Sonnet 4.5,2021L,5.0,0.5,10.0
GPT-4o,2021L,0.0,0.0,10.0
GPT-5,2021L,37.5,3.75,10.0
Gemini 2.5 Flash,2021L,40.0,4.0,10.0
Gemini 2.5 Pro,2021L,85.0,8.5,10.0
Grok,2021L,12.5,1.25,10.0
O1,2021L,10.0,1.0,10.0
Claude Opus,2021M,11.1111,1.6667,15.0
Claude Sonnet 4.5,2021M,16.6667,2.5,15.0
GPT-4o,2021M,0.0,0.0,15.0
GPT-5,2021M,61.1111,9.1667,15.0
Gemini 2.5 Flash,2021M,22.2222,3.3333,15.0
Gemini 2.5 Pro,2021M,33.3333,5.0,15.0
Grok,2021M,11.1111,1.6667,15.0
O1,2021M,0.0,0.0,15.0
Claude Opus,2021N,5.8824,0.5882,10.0
Claude Sonnet 4.5,2021N,17.6471,1.7647,10.0
GPT-4o,2021N,0.0,0.0,10.0
GPT-5,2021N,35.2941,3.5294,10.0
Gemini 2.5 Flash,2021N,0.0,0.0,10.0
Gemini 2.5 Pro,2021N,5.8824,0.5882,10.0
Grok,2021N,0.0,0.0,10.0
O1,2021N,2.9412,0.2941,10.0
Claude Opus,2021O,9.5238,0.9524,10.0
Claude Sonnet 4.5,2021O,19.0476,1.9048,10.0
GPT-4o,2021O,9.5238,0.9524,10.0
GPT-5,2021O,76.1905,7.6191,10.0
Gemini 2.5 Flash,2021O,14.2857,1.4286,10.0
Gemini 2.5 Pro,2021O,9.5238,0.9524,10.0
Grok,2021O,14.2857,1.4286,10.0
O1,2021O,19.0476,1.9048,10.0
Claude Opus,2021P,0.0,0.0,10.0
Claude Sonnet 4.5,2021P,60.0,6.0,10.0
GPT-4o,2021P,0.0,0.0,10.0
GPT-5,2021P,20.0,2.0,10.0
Gemini 2.5 Flash,2021P,10.0,1.0,10.0
Gemini 2.5 Pro,2021P,10.0,1.0,10.0
Grok,2021P,20.0,2.0,10.0
O1,2021P,10.0,1.0,10.0
Claude Opus,2021Q,87.8378,8.7838,10.0
Claude Sonnet 4.5,2021Q,74.3243,7.4324,10.0
GPT-4o,2021Q,24.3243,2.4324,10.0
GPT-5,2021Q,98.6486,9.8649,10.0
Gemini 2.5 Flash,2021Q,81.0811,8.1081,10.0
Gemini 2.5 Pro,2021Q,97.2973,9.7297,10.0
Grok,2021Q,94.5946,9.4595,10.0
O1,2021Q,35.1351,3.5135,10.0
Claude Opus,2021R,10.0,0.5,5.0
Claude Sonnet 4.5,2021R,18.0,0.9,5.0
GPT-4o,2021R,4.0,0.2,5.0
Gemini 2.5 Flash,2021R,28.0,1.4,5.0
Gemini 2.5 Pro,2021R,44.0,2.2,5.0
Grok,2021R,20.0,1.0,5.0
O1,2021R,0.0,0.0,5.0
Claude Opus,2021S,0.0,0.0,15.0
Claude Sonnet 4.5,2021S,0.0,0.0,15.0
GPT-4o,2021S,0.0,0.0,15.0
Gemini 2.5 Pro,2021S,0.0,0.0,15.0
Grok,2021S,0.0,0.0,15.0
O1,2021S,0.0,0.0,15.0
Claude Opus,2022A,33.3333,3.3333,10.0
Claude Sonnet 4.5,2022A,33.3333,3.3333,10.0
GPT-4o,2022A,0.0,0.0,10.0
GPT-5,2022A,33.3333,3.3333,10.0
Gemini 2.5 Flash,2022A,22.2222,2.2222,10.0
Gemini 2.5 Pro,2022A,11.1111,1.1111,10.0
Grok,2022A,11.1111,1.1111,10.0
O1,2022A,33.3333,3.3333,10.0
Claude Opus,2022B,100.0,10.0,10.0
Claude Sonnet 4.5,2022B,100.0,10.0,10.0
GPT-4o,2022B,20.0,2.0,10.0
GPT-5,2022B,100.0,10.0,10.0
Gemini 2.5 Flash,2022B,100.0,10.0,10.0
Gemini 2.5 Pro,2022B,100.0,10.0,10.0
Grok,2022B,90.0,9.0,10.0
O1,2022B,100.0,10.0,10.0
Claude Opus,2022C,32.4324,4.8649,15.0
Claude Sonnet 4.5,2022C,62.1622,9.3243,15.0
GPT-4o,2022C,10.8108,1.6216,15.0
GPT-5,2022C,56.7568,8.5135,15.0
Gemini 2.5 Flash,2022C,71.6216,10.7432,15.0
Gemini 2.5 Pro,2022C,70.2703,10.5405,15.0
Grok,2022C,28.3784,4.2568,15.0
O1,2022C,24.3243,3.6486,15.0
Claude Opus,2022D,50.0,5.0,10.0
GPT-4o,2022D,27.2727,2.7273,10.0
GPT-5,2022D,54.5455,5.4546,10.0
Gemini 2.5 Flash,2022D,54.5455,5.4546,10.0
Gemini 2.5 Pro,2022D,54.5455,5.4546,10.0
Grok,2022D,22.7273,2.2727,10.0
O1,2022D,36.3636,3.6364,10.0
Claude Opus,2022E,6.25,0.625,10.0
Claude Sonnet 4.5,2022E,0.0,0.0,10.0
GPT-4o,2022E,6.25,0.625,10.0
GPT-5,2022E,42.1875,4.2188,10.0
Gemini 2.5 Flash,2022E,31.25,3.125,10.0
Gemini 2.5 Pro,2022E,18.75,1.875,10.0
Grok,2022E,3.125,0.3125,10.0
O1,2022E,3.125,0.3125,10.0
Claude Opus,2022F,56.25,5.625,10.0
Claude Sonnet 4.5,2022F,75.0,7.5,10.0
GPT-4o,2022F,50.0,5.0,10.0
GPT-5,2022F,87.5,8.75,10.0
Gemini 2.5 Flash,2022F,90.625,9.0625,10.0
Gemini 2.5 Pro,2022F,87.5,8.75,10.0
Grok,2022F,56.25,5.625,10.0
O1,2022F,25.0,2.5,10.0
Claude Opus,2022G,80.0,4.0,5.0
Claude Sonnet 4.5,2022G,80.0,4.0,5.0
GPT-4o,2022G,20.0,1.0,5.0
GPT-5,2022G,100.0,5.0,5.0
Gemini 2.5 Flash,2022G,40.0,2.0,5.0
Gemini 2.5 Pro,2022G,100.0,5.0,5.0
Grok,2022G,20.0,1.0,5.0
O1,2022G,60.0,3.0,5.0
Claude Opus,2022H,25.0,3.75,15.0
Claude Sonnet 4.5,2022H,41.6667,6.25,15.0
GPT-4o,2022H,0.0,0.0,15.0
GPT-5,2022H,70.8333,10.625,15.0
Gemini 2.5 Flash,2022H,62.5,9.375,15.0
Gemini 2.5 Pro,2022H,75.0,11.25,15.0
Grok,2022H,20.8333,3.125,15.0
O1,2022H,25.0,3.75,15.0
Claude Opus,2022I,62.963,9.4444,15.0
Claude Sonnet 4.5,2022I,44.4444,6.6667,15.0
GPT-4o,2022I,3.7037,0.5556,15.0
GPT-5,2022I,92.5926,13.8889,15.0
Gemini 2.5 Flash,2022I,25.9259,3.8889,15.0
Gemini 2.5 Pro,2022I,96.2963,14.4444,15.0
Grok,2022I,25.9259,3.8889,15.0
O1,2022I,55.5556,8.3333,15.0
Claude Opus,2022J,33.3333,1.6667,5.0
Claude Sonnet 4.5,2022J,33.3333,1.6667,5.0
GPT-4o,2022J,0.0,0.0,5.0
GPT-5,2022J,55.5556,2.7778,5.0
Gemini 2.5 Flash,2022J,16.6667,0.8333,5.0
Gemini 2.5 Pro,2022J,55.5556,2.7778,5.0
Grok,2022J,22.2222,1.1111,5.0
O1,2022J,33.3333,1.6667,5.0
Claude Opus,2022K,0.0,0.0,15.0
Claude Sonnet 4.5,2022K,0.0,0.0,15.0
GPT-4o,2022K,0.0,0.0,15.0
GPT-5,2022K,7.4074,1.1111,15.0
Gemini 2.5 Flash,2022K,85.1852,12.7778,15.0
Gemini 2.5 Pro,2022K,37.037,5.5555,15.0
Grok,2022K,22.2222,3.3333,15.0
O1,2022K,0.0,0.0,15.0
Claude Opus,2022L,64.2857,3.2143,5.0
Claude Sonnet 4.5,2022L,28.5714,1.4286,5.0
GPT-4o,2022L,21.4286,1.0714,5.0
GPT-5,2022L,64.2857,3.2143,5.0
Gemini 2.5 Flash,2022L,42.8571,2.1429,5.0
Gemini 2.5 Pro,2022L,64.2857,3.2143,5.0
Grok,2022L,57.1429,2.8571,5.0
O1,2022L,35.7143,1.7857,5.0
Claude Opus,2022M,50.0,5.0,10.0
Claude Sonnet 4.5,2022M,41.6667,4.1667,10.0
GPT-4o,2022M,0.0,0.0,10.0
GPT-5,2022M,66.6667,6.6667,10.0
Gemini 2.5 Pro,2022M,75.0,7.5,10.0
Grok,2022M,66.6667,6.6667,10.0
O1,2022M,16.6667,1.6667,10.0
Claude Opus,2022N,5.0,0.75,15.0
Claude Sonnet 4.5,2022N,20.0,3.0,15.0
GPT-4o,2022N,0.0,0.0,15.0
GPT-5,2022N,40.0,6.0,15.0
Gemini 2.5 Flash,2022N,0.0,0.0,15.0
Gemini 2.5 Pro,2022N,15.0,2.25,15.0
Grok,2022N,15.0,2.25,15.0
O1,2022N,15.0,2.25,15.0
Claude Opus,2022O,40.0,4.0,10.0
Claude Sonnet 4.5,2022O,60.0,6.0,10.0
GPT-4o,2022O,40.0,4.0,10.0
GPT-5,2022O,80.0,8.0,10.0
Gemini 2.5 Flash,2022O,50.0,5.0,10.0
Gemini 2.5 Pro,2022O,80.0,8.0,10.0
Grok,2022O,0.0,0.0,10.0
O1,2022O,60.0,6.0,10.0
Claude Opus,2022P,22.7273,3.4091,15.0
Claude Sonnet 4.5,2022P,34.0909,5.1136,15.0
GPT-4o,2022P,36.3636,5.4545,15.0
GPT-5,2022P,52.2727,7.8409,15.0
Gemini 2.5 Flash,2022P,45.4545,6.8182,15.0
Gemini 2.5 Pro,2022P,56.8182,8.5227,15.0
Grok,2022P,43.1818,6.4773,15.0
O1,2022P,2.2727,0.3409,15.0
Claude Opus,2022Q,42.8571,6.4286,15.0
Claude Sonnet 4.5,2022Q,28.5714,4.2857,15.0
GPT-4o,2022Q,28.5714,4.2857,15.0
GPT-5,2022Q,71.4286,10.7143,15.0
Gemini 2.5 Flash,2022Q,57.1429,8.5714,15.0
Gemini 2.5 Pro,2022Q,92.8571,13.9286,15.0
Grok,2022Q,14.2857,2.1429,15.0
O1,2022Q,21.4286,3.2143,15.0
Claude Opus,2022R,19.0476,1.9048,10.0
Claude Sonnet 4.5,2022R,28.5714,2.8571,10.0
GPT-4o,2022R,11.9048,1.1905,10.0
GPT-5,2022R,14.2857,1.4286,10.0
Gemini 2.5 Flash,2022R,4.7619,0.4762,10.0
Gemini 2.5 Pro,2022R,30.9524,3.0952,10.0
Grok,2022R,28.5714,2.8571,10.0
O1,2022R,0.0,0.0,10.0
Claude Opus,2023A,58.3333,8.75,15.0
Claude Sonnet 4.5,2023A,91.6667,13.75,15.0
GPT-4o,2023A,0.0,0.0,15.0
GPT-5,2023A,100.0,15.0,15.0
Gemini 2.5 Flash,2023A,83.3333,12.5,15.0
Gemini 2.5 Pro,2023A,95.8333,14.375,15.0
Grok,2023A,70.8333,10.625,15.0
O1,2023A,75.0,11.25,15.0
Claude Opus,2023B,40.0,4.0,10.0
Claude Sonnet 4.5,2023B,20.0,2.0,10.0
GPT-5,2023B,20.0,2.0,10.0
Gemini 2.5 Flash,2023B,0.0,0.0,10.0
Gemini 2.5 Pro,2023B,100.0,10.0,10.0
Grok,2023B,40.0,4.0,10.0
O1,2023B,0.0,0.0,10.0
Claude Opus,2023C,10.0,1.5,15.0
Claude Sonnet 4.5,2023C,10.0,1.5,15.0
GPT-4o,2023C,0.0,0.0,15.0
GPT-5,2023C,0.0,0.0,15.0
Gemini 2.5 Flash,2023C,0.0,0.0,15.0
Gemini 2.5 Pro,2023C,0.0,0.0,15.0
Grok,2023C,10.0,1.5,15.0
O1,2023C,0.0,0.0,15.0
Claude Opus,2023D,25.0,2.5,10.0
Claude Sonnet 4.5,2023D,25.0,2.5,10.0
GPT-4o,2023D,0.0,0.0,10.0
GPT-5,2023D,50.0,5.0,10.0
Gemini 2.5 Flash,2023D,0.0,0.0,10.0
Gemini 2.5 Pro,2023D,50.0,5.0,10.0
Grok,2023D,12.5,1.25,10.0
O1,2023D,12.5,1.25,10.0
Claude Opus,2023E,70.0,3.5,5.0
Claude Sonnet 4.5,2023E,50.0,2.5,5.0
GPT-4o,2023E,0.0,0.0,5.0
GPT-5,2023E,95.0,4.75,5.0
Gemini 2.5 Flash,2023E,70.0,3.5,5.0
Gemini 2.5 Pro,2023E,90.0,4.5,5.0
Grok,2023E,50.0,2.5,5.0
O1,2023E,30.0,1.5,5.0
Claude Opus,2023F,8.0,1.2,15.0
Claude Sonnet 4.5,2023F,0.0,0.0,15.0
GPT-4o,2023F,4.0,0.6,15.0
GPT-5,2023F,4.0,0.6,15.0
Gemini 2.5 Flash,2023F,40.0,6.0,15.0
Gemini 2.5 Pro,2023F,16.0,2.4,15.0
Grok,2023F,0.0,0.0,15.0
O1,2023F,12.0,1.8,15.0
Claude Opus,2023G,14.2857,2.1429,15.0
Claude Sonnet 4.5,2023G,35.7143,5.3571,15.0
GPT-4o,2023G,0.0,0.0,15.0
GPT-5,2023G,50.0,7.5,15.0
Gemini 2.5 Flash,2023G,42.8571,6.4286,15.0
Gemini 2.5 Pro,2023G,85.7143,12.8571,15.0
Grok,2023G,14.2857,2.1429,15.0
O1,2023G,21.4286,3.2143,15.0
Claude Opus,2023H,50.0,7.5,15.0
Claude Sonnet 4.5,2023H,68.75,10.3125,15.0
GPT-4o,2023H,0.0,0.0,15.0
GPT-5,2023H,93.75,14.0625,15.0
Gemini 2.5 Flash,2023H,68.75,10.3125,15.0
Gemini 2.5 Pro,2023H,93.75,14.0625,15.0
Grok,2023H,50.0,7.5,15.0
O1,2023H,75.0,11.25,15.0
Claude Opus,2023I,16.6667,0.8333,5.0
Claude Sonnet 4.5,2023I,33.3333,1.6667,5.0
GPT-4o,2023I,0.0,0.0,5.0
GPT-5,2023I,83.3333,4.1667,5.0
Gemini 2.5 Flash,2023I,50.0,2.5,5.0
Gemini 2.5 Pro,2023I,83.3333,4.1667,5.0
Grok,2023I,33.3333,1.6667,5.0
O1,2023I,16.6667,0.8333,5.0
Claude Opus,2023J,0.0,0.0,15.0
Claude Sonnet 4.5,2023J,0.0,0.0,15.0
GPT-4o,2023J,0.0,0.0,15.0
GPT-5,2023J,0.0,0.0,15.0
Gemini 2.5 Flash,2023J,10.0,1.5,15.0
Gemini 2.5 Pro,2023J,20.0,3.0,15.0
Grok,2023J,0.0,0.0,15.0
O1,2023J,0.0,0.0,15.0
Claude Opus,2023K,48.1481,7.2222,15.0
Claude Sonnet 4.5,2023K,55.5556,8.3333,15.0
GPT-4o,2023K,0.0,0.0,15.0
GPT-5,2023K,14.8148,2.2222,15.0
Gemini 2.5 Flash,2023K,66.6667,10.0,15.0
Gemini 2.5 Pro,2023K,92.5926,13.8889,15.0
Grok,2023K,29.6296,4.4444,15.0
O1,2023K,7.4074,1.1111,15.0
Claude Opus,2023L,7.1429,0.7143,10.0
Claude Sonnet 4.5,2023L,21.4286,2.1429,10.0
GPT-4o,2023L,0.0,0.0,10.0
GPT-5,2023L,28.5714,2.8571,10.0
Gemini 2.5 Pro,2023L,21.4286,2.1429,10.0
Grok,2023L,14.2857,1.4286,10.0
O1,2023L,0.0,0.0,10.0
Claude Opus,2023M,38.8889,5.8333,15.0
Claude Sonnet 4.5,2023M,55.5556,8.3333,15.0
GPT-4o,2023M,0.0,0.0,15.0
GPT-5,2023M,61.1111,9.1667,15.0
Gemini 2.5 Flash,2023M,50.0,7.5,15.0
Gemini 2.5 Pro,2023M,55.5556,8.3333,15.0
Grok,2023M,33.3333,5.0,15.0
O1,2023M,0.0,0.0,15.0
Claude Opus,2023N,6.25,0.625,10.0
Claude Sonnet 4.5,2023N,6.25,0.625,10.0
GPT-4o,2023N,0.0,0.0,10.0
GPT-5,2023N,0.0,0.0,10.0
Gemini 2.5 Flash,2023N,18.75,1.875,10.0
Gemini 2.5 Pro,2023N,6.25,0.625,10.0
Grok,2023N,6.25,0.625,10.0
O1,2023N,0.0,0.0,10.0
Claude Opus,2023O,11.7647,1.1765,10.0
Claude Sonnet 4.5,2023O,70.5882,7.0588,10.0
GPT-4o,2023O,0.0,0.0,10.0
GPT-5,2023O,5.8824,0.5882,10.0
Gemini 2.5 Flash,2023O,17.6471,1.7647,10.0
Gemini 2.5 Pro,2023O,17.6471,1.7647,10.0
Grok,2023O,58.8235,5.8824,10.0
O1,2023O,17.6471,1.7647,10.0
Claude Opus,2023P,5.5556,0.8333,15.0
Claude Sonnet 4.5,2023P,16.6667,2.5,15.0
GPT-4o,2023P,0.0,0.0,15.0
GPT-5,2023P,8.3333,1.25,15.0
Gemini 2.5 Flash,2023P,0.0,0.0,15.0
Gemini 2.5 Pro,2023P,50.0,7.5,15.0
Grok,2023P,0.0,0.0,15.0
O1,2023P,0.0,0.0,15.0
Claude Opus,2023Q,37.5,1.875,5.0
Claude Sonnet 4.5,2023Q,18.75,0.9375,5.0
GPT-4o,2023Q,0.0,0.0,5.0
GPT-5,2023Q,100.0,5.0,5.0
Gemini 2.5 Flash,2023Q,81.25,4.0625,5.0
Gemini 2.5 Pro,2023Q,100.0,5.0,5.0
Grok,2023Q,43.75,2.1875,5.0
O1,2023Q,75.0,3.75,5.0
Claude Opus,2024A,53.3333,5.3333,10.0
Claude Sonnet 4.5,2024A,40.0,4.0,10.0
GPT-4o,2024A,0.0,0.0,10.0
GPT-5,2024A,73.3333,7.3333,10.0
Gemini 2.5 Flash,2024A,80.0,8.0,10.0
Gemini 2.5 Pro,2024A,60.0,6.0,10.0
Grok,2024A,53.3333,5.3333,10.0
O1,2024A,46.6667,4.6667,10.0
Claude Opus,2024B,77.7778,7.7778,10.0
Claude Sonnet 4.5,2024B,66.6667,6.6667,10.0
GPT-4o,2024B,55.5556,5.5556,10.0
GPT-5,2024B,88.8889,8.8889,10.0
Gemini 2.5 Flash,2024B,66.6667,6.6667,10.0
Gemini 2.5 Pro,2024B,88.8889,8.8889,10.0
Grok,2024B,61.1111,6.1111,10.0
O1,2024B,72.2222,7.2222,10.0
Claude Opus,2024C,46.6667,4.6667,10.0
Claude Sonnet 4.5,2024C,46.6667,4.6667,10.0
GPT-4o,2024C,46.6667,4.6667,10.0
GPT-5,2024C,100.0,10.0,10.0
Gemini 2.5 Flash,2024C,80.0,8.0,10.0
Gemini 2.5 Pro,2024C,100.0,10.0,10.0
Grok,2024C,100.0,10.0,10.0
O1,2024C,100.0,10.0,10.0
Claude Opus,2024D,46.1538,9.2308,20.0
Claude Sonnet 4.5,2024D,34.6154,6.9231,20.0
GPT-4o,2024D,11.5385,2.3077,20.0
GPT-5,2024D,88.4615,17.6923,20.0
Gemini 2.5 Flash,2024D,34.6154,6.9231,20.0
Gemini 2.5 Pro,2024D,53.8462,10.7692,20.0
Grok,2024D,69.2308,13.8462,20.0
O1,2024D,19.2308,3.8462,20.0
Claude Opus,2024E,0.0,0.0,10.0
Claude Sonnet 4.5,2024E,50.0,5.0,10.0
GPT-4o,2024E,25.0,2.5,10.0
Gemini 2.5 Flash,2024E,12.5,1.25,10.0
Gemini 2.5 Pro,2024E,25.0,2.5,10.0
Grok,2024E,37.5,3.75,10.0
O1,2024E,25.0,2.5,10.0
Claude Opus,2024F,33.3333,3.3333,10.0
Claude Sonnet 4.5,2024F,33.3333,3.3333,10.0
GPT-4o,2024F,16.6667,1.6667,10.0
GPT-5,2024F,16.6667,1.6667,10.0
Gemini 2.5 Flash,2024F,0.0,0.0,10.0
Gemini 2.5 Pro,2024F,16.6667,1.6667,10.0
Grok,2024F,0.0,0.0,10.0
O1,2024F,16.6667,1.6667,10.0
Claude Opus,2024G,95.0,14.25,15.0
Claude Sonnet 4.5,2024G,60.0,9.0,15.0
GPT-4o,2024G,15.0,2.25,15.0
GPT-5,2024G,90.0,13.5,15.0
Gemini 2.5 Flash,2024G,90.0,13.5,15.0
Gemini 2.5 Pro,2024G,95.0,14.25,15.0
Grok,2024G,75.0,11.25,15.0
O1,2024G,30.0,4.5,15.0
Claude Opus,2024H,20.8333,3.125,15.0
Claude Sonnet 4.5,2024H,33.3333,5.0,15.0
GPT-4o,2024H,0.0,0.0,15.0
GPT-5,2024H,70.8333,10.625,15.0
Gemini 2.5 Flash,2024H,66.6667,10.0,15.0
Gemini 2.5 Pro,2024H,95.8333,14.375,15.0
Grok,2024H,45.8333,6.875,15.0
O1,2024H,29.1667,4.375,15.0
Claude Opus,2024I,50.0,2.5,5.0
Claude Sonnet 4.5,2024I,96.875,4.8438,5.0
GPT-4o,2024I,81.25,4.0625,5.0
GPT-5,2024I,96.875,4.8438,5.0
Gemini 2.5 Flash,2024I,96.875,4.8438,5.0
Gemini 2.5 Pro,2024I,96.875,4.8438,5.0
Grok,2024I,93.75,4.6875,5.0
O1,2024I,96.875,4.8438,5.0
Claude Opus,2024J,18.75,0.9375,5.0
Claude Sonnet 4.5,2024J,56.25,2.8125,5.0
GPT-4o,2024J,15.625,0.7812,5.0
GPT-5,2024J,100.0,5.0,5.0
Gemini 2.5 Flash,2024J,50.0,2.5,5.0
Gemini 2.5 Pro,2024J,75.0,3.75,5.0
Grok,2024J,62.5,3.125,5.0
O1,2024J,65.625,3.2812,5.0
Claude Opus,2024K,80.0,8.0,10.0
Claude Sonnet 4.5,2024K,63.3333,6.3333,10.0
GPT-4o,2024K,86.6667,8.6667,10.0
GPT-5,2024K,96.6667,9.6667,10.0
Gemini 2.5 Flash,2024K,46.6667,4.6667,10.0
Gemini 2.5 Pro,2024K,63.3333,6.3333,10.0
Grok,2024K,33.3333,3.3333,10.0
O1,2024K,56.6667,5.6667,10.0
Claude Opus,2024L,42.8571,6.4286,15.0
Claude Sonnet 4.5,2024L,42.8571,6.4286,15.0
GPT-4o,2024L,0.0,0.0,15.0
GPT-5,2024L,57.1429,8.5714,15.0
Gemini 2.5 Flash,2024L,21.4286,3.2143,15.0
Gemini 2.5 Pro,2024L,35.7143,5.3571,15.0
Grok,2024L,0.0,0.0,15.0
O1,2024L,7.1429,1.0714,15.0
Claude Opus,2024M,6.6667,0.6667,10.0
Claude Sonnet 4.5,2024M,13.3333,1.3333,10.0
GPT-4o,2024M,0.0,0.0,10.0
GPT-5,2024M,6.6667,0.6667,10.0
Gemini 2.5 Flash,2024M,23.3333,2.3333,10.0
Gemini 2.5 Pro,2024M,23.3333,2.3333,10.0
Grok,2024M,3.3333,0.3333,10.0
O1,2024M,10.0,1.0,10.0
Claude Opus,2024N,20.0,2.0,10.0
Claude Sonnet 4.5,2024N,20.0,2.0,10.0
GPT-4o,2024N,0.0,0.0,10.0
GPT-5,2024N,22.5,2.25,10.0
Gemini 2.5 Flash,2024N,20.0,2.0,10.0
Gemini 2.5 Pro,2024N,10.0,1.0,10.0
Grok,2024N,17.5,1.75,10.0
O1,2024N,2.5,0.25,10.0
Claude Opus,2024O,22.2222,3.3333,15.0
Claude Sonnet 4.5,2024O,5.5556,0.8333,15.0
GPT-4o,2024O,11.1111,1.6667,15.0
GPT-5,2024O,58.3333,8.75,15.0
Gemini 2.5 Flash,2024O,30.5556,4.5833,15.0
Gemini 2.5 Pro,2024O,25.0,3.75,15.0
Grok,2024O,16.6667,2.5,15.0
O1,2024O,2.7778,0.4167,15.0
Claude Opus,2024P,38.8889,3.8889,10.0
Claude Sonnet 4.5,2024P,61.1111,6.1111,10.0
GPT-4o,2024P,0.0,0.0,10.0
GPT-5,2024P,55.5556,5.5556,10.0
Gemini 2.5 Flash,2024P,77.7778,7.7778,10.0
Gemini 2.5 Pro,2024P,83.3333,8.3333,10.0
Grok,2024P,5.5556,0.5556,10.0
O1,2024P,0.0,0.0,10.0
Claude Opus,2024Q,9.0909,0.9091,10.0
Claude Sonnet 4.5,2024Q,0.0,0.0,10.0
GPT-4o,2024Q,0.0,0.0,10.0
GPT-5,2024Q,86.3636,8.6364,10.0
Gemini 2.5 Flash,2024Q,40.9091,4.0909,10.0
Gemini 2.5 Pro,2024Q,95.4545,9.5454,10.0
Grok,2024Q,68.1818,6.8182,10.0
O1,2024Q,31.8182,3.1818,10.0
Claude Opus,2024R,29.4118,2.9412,10.0
Claude Sonnet 4.5,2024R,41.1765,4.1177,10.0
GPT-4o,2024R,0.0,0.0,10.0
GPT-5,2024R,58.8235,5.8824,10.0
Gemini 2.5 Flash,2024R,58.8235,5.8824,10.0
Gemini 2.5 Pro,2024R,76.4706,7.6471,10.0
Grok,2024R,26.4706,2.6471,10.0
O1,2024R,14.7059,1.4706,10.0
Claude Opus,2025A,75.0,7.5,10.0
Claude Sonnet 4.5,2025A,58.3333,5.8333,10.0
GPT-4o,2025A,0.0,0.0,10.0
GPT-5,2025A,83.3333,8.3333,10.0
Gemini 2.5 Flash,2025A,66.6667,6.6667,10.0
Gemini 2.5 Pro,2025A,100.0,10.0,10.0
Grok,2025A,8.3333,0.8333,10.0
O1,2025A,33.3333,3.3333,10.0
Claude Opus,2025B,18.1818,1.8182,10.0
Claude Sonnet 4.5,2025B,45.4545,4.5455,10.0
GPT-4o,2025B,0.0,0.0,10.0
GPT-5,2025B,100.0,10.0,10.0
Gemini 2.5 Flash,2025B,18.1818,1.8182,10.0
Gemini 2.5 Pro,2025B,100.0,10.0,10.0
Grok,2025B,9.0909,0.9091,10.0
O1,2025B,9.0909,0.9091,10.0
Claude Opus,2025C,23.5294,3.5294,15.0
Claude Sonnet 4.5,2025C,17.6471,2.6471,15.0
GPT-4o,2025C,5.8824,0.8824,15.0
GPT-5,2025C,100.0,15.0,15.0
Gemini 2.5 Flash,2025C,100.0,15.0,15.0
Gemini 2.5 Pro,2025C,82.3529,12.3529,15.0
Grok,2025C,50.0,7.5,15.0
O1,2025C,29.4118,4.4118,15.0
Claude Opus,2025D,54.5455,5.4546,10.0
Claude Sonnet 4.5,2025D,100.0,10.0,10.0
GPT-4o,2025D,9.0909,0.9091,10.0
GPT-5,2025D,81.8182,8.1818,10.0
Gemini 2.5 Flash,2025D,100.0,10.0,10.0
Gemini 2.5 Pro,2025D,100.0,10.0,10.0
Grok,2025D,90.9091,9.0909,10.0
O1,2025D,18.1818,1.8182,10.0
Claude Opus,2025E,100.0,15.0,15.0
Claude Sonnet 4.5,2025E,71.4286,10.7143,15.0
GPT-4o,2025E,0.0,0.0,15.0
GPT-5,2025E,100.0,15.0,15.0
Gemini 2.5 Flash,2025E,100.0,15.0,15.0
Gemini 2.5 Pro,2025E,100.0,15.0,15.0
Grok,2025E,28.5714,4.2857,15.0
O1,2025E,71.4286,10.7143,15.0
Claude Opus,2025F,43.3333,4.3333,10.0
Claude Sonnet 4.5,2025F,36.6667,3.6667,10.0
GPT-4o,2025F,6.6667,0.6667,10.0
GPT-5,2025F,100.0,10.0,10.0
Gemini 2.5 Flash,2025F,56.6667,5.6667,10.0
Gemini 2.5 Pro,2025F,100.0,10.0,10.0
Grok,2025F,26.6667,2.6667,10.0
O1,2025F,13.3333,1.3333,10.0
Claude Opus,2025G,28.5714,4.2857,15.0
Claude Sonnet 4.5,2025G,32.1429,4.8214,15.0
GPT-4o,2025G,0.0,0.0,15.0
GPT-5,2025G,46.4286,6.9643,15.0
Gemini 2.5 Flash,2025G,50.0,7.5,15.0
Gemini 2.5 Pro,2025G,89.2857,13.3929,15.0
Grok,2025G,25.0,3.75,15.0
O1,2025G,21.4286,3.2143,15.0
Claude Opus,2025H,63.6364,9.5455,15.0
Claude Sonnet 4.5,2025H,63.6364,9.5455,15.0
GPT-4o,2025H,36.3636,5.4545,15.0
GPT-5,2025H,81.8182,12.2727,15.0
Gemini 2.5 Flash,2025H,81.8182,12.2727,15.0
Gemini 2.5 Pro,2025H,81.8182,12.2727,15.0
Grok,2025H,81.8182,12.2727,15.0
O1,2025H,63.6364,9.5455,15.0
Claude Opus,2025I,13.6364,1.3636,10.0
Claude Sonnet 4.5,2025I,22.7273,2.2727,10.0
GPT-4o,2025I,4.5455,0.4545,10.0
GPT-5,2025I,9.0909,0.9091,10.0
Gemini 2.5 Flash,2025I,18.1818,1.8182,10.0
Gemini 2.5 Pro,2025I,27.2727,2.7273,10.0
Grok,2025I,25.0,2.5,10.0
O1,2025I,9.0909,0.9091,10.0
Claude Opus,2025J,0.0,0.0,15.0
Claude Sonnet 4.5,2025J,0.0,0.0,15.0
GPT-4o,2025J,4.5455,0.6818,15.0
GPT-5,2025J,4.5455,0.6818,15.0
Gemini 2.5 Flash,2025J,0.0,0.0,15.0
Gemini 2.5 Pro,2025J,0.0,0.0,15.0
Grok,2025J,0.0,0.0,15.0
O1,2025J,0.0,0.0,15.0
Claude Opus,2025K,15.3846,2.3077,15.0
Claude Sonnet 4.5,2025K,7.6923,1.1538,15.0
GPT-4o,2025K,23.0769,3.4615,15.0
GPT-5,2025K,7.6923,1.1538,15.0
Gemini 2.5 Flash,2025K,38.4615,5.7692,15.0
Gemini 2.5 Pro,2025K,76.9231,11.5385,15.0
Grok,2025K,7.6923,1.1538,15.0
O1,2025K,19.2308,2.8846,15.0
Claude Opus,2025L,0.0,0.0,15.0
Claude Sonnet 4.5,2025L,0.0,0.0,15.0
GPT-4o,2025L,0.0,0.0,15.0
GPT-5,2025L,0.0,0.0,15.0
Gemini 2.5 Flash,2025L,0.0,0.0,15.0
Gemini 2.5 Pro,2025L,0.0,0.0,15.0
Grok,2025L,0.0,0.0,15.0
O1,2025L,0.0,0.0,15.0
Claude Opus,2025M,85.7143,8.5714,10.0
Claude Sonnet 4.5,2025M,85.7143,8.5714,10.0
GPT-4o,2025M,0.0,0.0,10.0
GPT-5,2025M,100.0,10.0,10.0
Gemini 2.5 Flash,2025M,100.0,10.0,10.0
Gemini 2.5 Pro,2025M,100.0,10.0,10.0
Grok,2025M,71.4286,7.1429,10.0
O1,2025M,92.8571,9.2857,10.0
Claude Opus,2025N,9.5238,0.9524,10.0
Claude Sonnet 4.5,2025N,9.5238,0.9524,10.0
GPT-4o,2025N,9.5238,0.9524,10.0
GPT-5,2025N,23.8095,2.3809,10.0
Gemini 2.5 Flash,2025N,4.7619,0.4762,10.0
Gemini 2.5 Pro,2025N,19.0476,1.9048,10.0
Grok,2025N,4.7619,0.4762,10.0
O1,2025N,4.7619,0.4762,10.0
Claude Opus,2025O,23.0769,2.3077,10.0
GPT-4o,2025O,0.0,0.0,10.0
GPT-5,2025O,34.6154,3.4615,10.0
Gemini 2.5 Flash,2025O,30.7692,3.0769,10.0
Gemini 2.5 Pro,2025O,26.9231,2.6923,10.0
Grok,2025O,11.5385,1.1539,10.0
O1,2025O,3.8462,0.3846,10.0
Claude Opus,2025P,16.6667,2.5,15.0
Claude Sonnet 4.5,2025P,0.0,0.0,15.0
GPT-4o,2025P,0.0,0.0,15.0
GPT-5,2025P,41.6667,6.25,15.0
Gemini 2.5 Flash,2025P,25.0,3.75,15.0
Gemini 2.5 Pro,2025P,33.3333,5.0,15.0
Grok,2025P,0.0,0.0,15.0
O1,2025P,8.3333,1.25,15.0
